death_hospice,organ_failure_yn
0.029259421582368432,-0.0025237968176894192
0.07261472580685445,0.050651203063588036
-0.02880478422634166,0.003230905757110919
0.04235698751728132,0.02625736179337962
-0.8934945391251414,0.8583219689154218
0.14556039863438772,0.2214603820689376
-0.15535691798592013,-0.11009388347922044
-0.2671225244600236,-0.34072335015921723
-0.30951978725505547,-0.16263652687908414
-0.2290831216397216,0.10917971309008077
0.2644885743037121,0.10585174163957098
0.1601642849786863,0.3106914195582722
0.4922033130646361,0.5519582927573712
0.9037693075384056,1.1075415345108928
0.08988693964364129,0.14794345233529899
0.5874411158933,1.2319754347208631
0.44324825906239673,0.41634711557294013
-0.16669127527677205,-0.047805107884164894
-0.3411638113919698,-0.02380436693002596
-0.23445961638042478,-0.09472572813685526
-0.17644549689145891,0.04636293084103425
