death_hospice,organ_failure_yn
0.02883829868018144,-0.0027450504631868883
0.07952096756069704,0.06617406280375233
-0.028616965471067568,0.00299446890772634
0.042293438981170224,0.025680312810795858
-0.8884248007076689,0.8339614019143768
0.14734622282774093,0.21366357794353244
-0.15039670668633298,-0.12131377319101921
-0.2620006932918835,-0.36539330858270186
-0.30720735071194355,-0.17427282146316161
-0.22963059612326642,0.12075240590692371
0.3110930657707035,0.11500169959750638
0.16389987991912178,0.32714954714879624
0.49786043450106277,0.5494921286516611
0.9050745608144249,1.1072755661383864
0.0906407670104179,0.14795523495304652
0.5985466994713059,1.272420948803891
0.4397998772680022,0.4201511009193855
-0.17192504390872487,-0.05479883659483053
-0.34870611193567985,-0.015169848681930834
-0.23851770733293282,-0.08076947416776924
-0.18932273841894987,0.0479379552964313
